ID;set;A_cost;A_payback;A_selfconsumption;A_backup;B_cost;B_payback;B_selfconsumption;B_backup;optout;Choice
1;1;1000;10;60;Full house;5000;5;90;Full house;No battery;1
1;2;3000;5;60;One socket;1000;15;90;Full house;No battery;0
1;3;7000;15;60;One socket;7000;10;30;Full house;No battery;1
1;4;1000;5;30;One socket;3000;10;90;One socket;No battery;0
1;5;5000;10;60;One socket;7000;10;90;One socket;No battery;0
1;6;7000;5;60;Full house;3000;15;60;Full house;No battery;0
1;7;1000;10;60;One socket;5000;15;30;Full house;No battery;0
1;8;5000;10;60;Full house;3000;10;30;Full house;No battery;0
2;1;1000;10;60;Full house;5000;5;90;Full house;No battery;1
2;2;3000;5;60;One socket;1000;15;90;Full house;No battery;0
2;3;7000;15;60;One socket;7000;10;30;Full house;No battery;0
2;4;1000;5;30;One socket;3000;10;90;One socket;No battery;1
2;5;5000;10;60;One socket;7000;10;90;One socket;No battery;1
2;6;7000;5;60;Full house;3000;15;60;Full house;No battery;1
2;7;1000;10;60;One socket;5000;15;30;Full house;No battery;0
2;8;5000;10;60;Full house;3000;10;30;Full house;No battery;0
3;1;1000;10;60;Full house;5000;5;90;Full house;No battery;1
3;2;3000;5;60;One socket;1000;15;90;Full house;No battery;0
3;3;7000;15;60;One socket;7000;10;30;Full house;No battery;0
3;4;1000;5;30;One socket;3000;10;90;One socket;No battery;1
3;5;5000;10;60;One socket;7000;10;90;One socket;No battery;2
3;6;7000;5;60;Full house;3000;15;60;Full house;No battery;2
3;7;1000;10;60;One socket;5000;15;30;Full house;No battery;0
3;8;5000;10;60;Full house;3000;10;30;Full house;No battery;0
4;1;1000;10;60;Full house;5000;5;90;Full house;No battery;1
4;2;3000;5;60;One socket;1000;15;90;Full house;No battery;1
4;3;7000;15;60;One socket;7000;10;30;Full house;No battery;2
4;4;1000;5;30;One socket;3000;10;90;One socket;No battery;2
4;5;5000;10;60;One socket;7000;10;90;One socket;No battery;2
4;6;7000;5;60;Full house;3000;15;60;Full house;No battery;0
4;7;1000;10;60;One socket;5000;15;30;Full house;No battery;1
4;8;5000;10;60;Full house;3000;10;30;Full house;No battery;0
5;1;1000;10;60;Full house;5000;5;90;Full house;No battery;1
5;2;3000;5;60;One socket;1000;15;90;Full house;No battery;1
5;3;7000;15;60;One socket;7000;10;30;Full house;No battery;0
5;4;1000;5;30;One socket;3000;10;90;One socket;No battery;1
5;5;5000;10;60;One socket;7000;10;90;One socket;No battery;0
5;6;7000;5;60;Full house;3000;15;60;Full house;No battery;1
5;7;1000;10;60;One socket;5000;15;30;Full house;No battery;0
5;8;5000;10;60;Full house;3000;10;30;Full house;No battery;0
6;1;1000;10;60;Full house;5000;5;90;Full house;No battery;1
6;2;3000;5;60;One socket;1000;15;90;Full house;No battery;1
6;3;7000;15;60;One socket;7000;10;30;Full house;No battery;2
6;4;1000;5;30;One socket;3000;10;90;One socket;No battery;1
6;5;5000;10;60;One socket;7000;10;90;One socket;No battery;2
6;6;7000;5;60;Full house;3000;15;60;Full house;No battery;0
6;7;1000;10;60;One socket;5000;15;30;Full house;No battery;2
6;8;5000;10;60;Full house;3000;10;30;Full house;No battery;0
7;1;1000;10;60;Full house;5000;5;90;Full house;No battery;1
7;2;3000;5;60;One socket;1000;15;90;Full house;No battery;2
7;3;7000;15;60;One socket;7000;10;30;Full house;No battery;1
7;4;1000;5;30;One socket;3000;10;90;One socket;No battery;2
7;5;5000;10;60;One socket;7000;10;90;One socket;No battery;2
7;6;7000;5;60;Full house;3000;15;60;Full house;No battery;0
7;7;1000;10;60;One socket;5000;15;30;Full house;No battery;2
7;8;5000;10;60;Full house;3000;10;30;Full house;No battery;1
8;1;1000;10;60;Full house;5000;5;90;Full house;No battery;0
8;2;3000;5;60;One socket;1000;15;90;Full house;No battery;1
8;3;7000;15;60;One socket;7000;10;30;Full house;No battery;2
8;4;1000;5;30;One socket;3000;10;90;One socket;No battery;0
8;5;5000;10;60;One socket;7000;10;90;One socket;No battery;2
8;6;7000;5;60;Full house;3000;15;60;Full house;No battery;1
8;7;1000;10;60;One socket;5000;15;30;Full house;No battery;0
8;8;5000;10;60;Full house;3000;10;30;Full house;No battery;1
9;1;1000;10;60;Full house;5000;5;90;Full house;No battery;1
9;2;3000;5;60;One socket;1000;15;90;Full house;No battery;1
9;3;7000;15;60;One socket;7000;10;30;Full house;No battery;2
9;4;1000;5;30;One socket;3000;10;90;One socket;No battery;1
9;5;5000;10;60;One socket;7000;10;90;One socket;No battery;1
9;6;7000;5;60;Full house;3000;15;60;Full house;No battery;2
9;7;1000;10;60;One socket;5000;15;30;Full house;No battery;2
9;8;5000;10;60;Full house;3000;10;30;Full house;No battery;2
10;1;1000;10;60;Full house;5000;5;90;Full house;No battery;1
10;2;3000;5;60;One socket;1000;15;90;Full house;No battery;1
10;3;7000;15;60;One socket;7000;10;30;Full house;No battery;2
10;4;1000;5;30;One socket;3000;10;90;One socket;No battery;1
10;5;5000;10;60;One socket;7000;10;90;One socket;No battery;2
10;6;7000;5;60;Full house;3000;15;60;Full house;No battery;2
10;7;1000;10;60;One socket;5000;15;30;Full house;No battery;2
10;8;5000;10;60;Full house;3000;10;30;Full house;No battery;2
11;1;1000;10;60;Full house;5000;5;90;Full house;No battery;1
11;2;3000;5;60;One socket;1000;15;90;Full house;No battery;0
11;3;7000;15;60;One socket;7000;10;30;Full house;No battery;1
11;4;1000;5;30;One socket;3000;10;90;One socket;No battery;1
11;5;5000;10;60;One socket;7000;10;90;One socket;No battery;1
11;6;7000;5;60;Full house;3000;15;60;Full house;No battery;0
11;7;1000;10;60;One socket;5000;15;30;Full house;No battery;0
11;8;5000;10;60;Full house;3000;10;30;Full house;No battery;0
12;1;1000;10;60;Full house;5000;5;90;Full house;No battery;1
12;2;3000;5;60;One socket;1000;15;90;Full house;No battery;1
12;3;7000;15;60;One socket;7000;10;30;Full house;No battery;1
12;4;1000;5;30;One socket;3000;10;90;One socket;No battery;2
12;5;5000;10;60;One socket;7000;10;90;One socket;No battery;2
12;6;7000;5;60;Full house;3000;15;60;Full house;No battery;0
12;7;1000;10;60;One socket;5000;15;30;Full house;No battery;2
12;8;5000;10;60;Full house;3000;10;30;Full house;No battery;0
13;1;1000;10;60;Full house;5000;5;90;Full house;No battery;1
13;2;3000;5;60;One socket;1000;15;90;Full house;No battery;1
13;3;7000;15;60;One socket;7000;10;30;Full house;No battery;2
13;4;1000;5;30;One socket;3000;10;90;One socket;No battery;1
13;5;5000;10;60;One socket;7000;10;90;One socket;No battery;1
13;6;7000;5;60;Full house;3000;15;60;Full house;No battery;0
13;7;1000;10;60;One socket;5000;15;30;Full house;No battery;0
13;8;5000;10;60;Full house;3000;10;30;Full house;No battery;0
14;1;1000;10;60;Full house;5000;5;90;Full house;No battery;1
14;2;3000;5;60;One socket;1000;15;90;Full house;No battery;1
14;3;7000;15;60;One socket;7000;10;30;Full house;No battery;2
14;4;1000;5;30;One socket;3000;10;90;One socket;No battery;1
14;5;5000;10;60;One socket;7000;10;90;One socket;No battery;0
14;6;7000;5;60;Full house;3000;15;60;Full house;No battery;1
14;7;1000;10;60;One socket;5000;15;30;Full house;No battery;2
14;8;5000;10;60;Full house;3000;10;30;Full house;No battery;2
15;1;1000;10;60;Full house;5000;5;90;Full house;No battery;0
15;2;3000;5;60;One socket;1000;15;90;Full house;No battery;0
15;3;7000;15;60;One socket;7000;10;30;Full house;No battery;2
15;4;1000;5;30;One socket;3000;10;90;One socket;No battery;1
15;5;5000;10;60;One socket;7000;10;90;One socket;No battery;2
15;6;7000;5;60;Full house;3000;15;60;Full house;No battery;2
15;7;1000;10;60;One socket;5000;15;30;Full house;No battery;0
15;8;5000;10;60;Full house;3000;10;30;Full house;No battery;1
16;1;1000;10;60;Full house;5000;5;90;Full house;No battery;1
16;2;3000;5;60;One socket;1000;15;90;Full house;No battery;0
16;3;7000;15;60;One socket;7000;10;30;Full house;No battery;1
16;4;1000;5;30;One socket;3000;10;90;One socket;No battery;1
16;5;5000;10;60;One socket;7000;10;90;One socket;No battery;1
16;6;7000;5;60;Full house;3000;15;60;Full house;No battery;0
16;7;1000;10;60;One socket;5000;15;30;Full house;No battery;0
16;8;5000;10;60;Full house;3000;10;30;Full house;No battery;0
17;1;1000;10;60;Full house;5000;5;90;Full house;No battery;1
17;2;3000;5;60;One socket;1000;15;90;Full house;No battery;2
17;3;7000;15;60;One socket;7000;10;30;Full house;No battery;2
17;4;1000;5;30;One socket;3000;10;90;One socket;No battery;2
17;5;5000;10;60;One socket;7000;10;90;One socket;No battery;2
17;6;7000;5;60;Full house;3000;15;60;Full house;No battery;2
17;7;1000;10;60;One socket;5000;15;30;Full house;No battery;2
17;8;5000;10;60;Full house;3000;10;30;Full house;No battery;2
18;1;1000;10;60;Full house;5000;5;90;Full house;No battery;1
18;2;3000;5;60;One socket;1000;15;90;Full house;No battery;1
18;3;7000;15;60;One socket;7000;10;30;Full house;No battery;2
18;4;1000;5;30;One socket;3000;10;90;One socket;No battery;1
18;5;5000;10;60;One socket;7000;10;90;One socket;No battery;2
18;6;7000;5;60;Full house;3000;15;60;Full house;No battery;0
18;7;1000;10;60;One socket;5000;15;30;Full house;No battery;0
18;8;5000;10;60;Full house;3000;10;30;Full house;No battery;2
19;1;1000;10;60;Full house;5000;5;90;Full house;No battery;1
19;2;3000;5;60;One socket;1000;15;90;Full house;No battery;0
19;3;7000;15;60;One socket;7000;10;30;Full house;No battery;1
19;4;1000;5;30;One socket;3000;10;90;One socket;No battery;0
19;5;5000;10;60;One socket;7000;10;90;One socket;No battery;0
19;6;7000;5;60;Full house;3000;15;60;Full house;No battery;0
19;7;1000;10;60;One socket;5000;15;30;Full house;No battery;0
19;8;5000;10;60;Full house;3000;10;30;Full house;No battery;0
20;1;1000;10;60;Full house;5000;5;90;Full house;No battery;2
20;2;3000;5;60;One socket;1000;15;90;Full house;No battery;2
20;3;7000;15;60;One socket;7000;10;30;Full house;No battery;2
20;4;1000;5;30;One socket;3000;10;90;One socket;No battery;2
20;5;5000;10;60;One socket;7000;10;90;One socket;No battery;2
20;6;7000;5;60;Full house;3000;15;60;Full house;No battery;2
20;7;1000;10;60;One socket;5000;15;30;Full house;No battery;2
20;8;5000;10;60;Full house;3000;10;30;Full house;No battery;2
21;1;1000;10;60;Full house;5000;5;90;Full house;No battery;1
21;2;3000;5;60;One socket;1000;15;90;Full house;No battery;0
21;3;7000;15;60;One socket;7000;10;30;Full house;No battery;1
21;4;1000;5;30;One socket;3000;10;90;One socket;No battery;0
21;5;5000;10;60;One socket;7000;10;90;One socket;No battery;2
21;6;7000;5;60;Full house;3000;15;60;Full house;No battery;0
21;7;1000;10;60;One socket;5000;15;30;Full house;No battery;0
21;8;5000;10;60;Full house;3000;10;30;Full house;No battery;2
22;1;1000;10;60;Full house;5000;5;90;Full house;No battery;1
22;2;3000;5;60;One socket;1000;15;90;Full house;No battery;1
22;3;7000;15;60;One socket;7000;10;30;Full house;No battery;1
22;4;1000;5;30;One socket;3000;10;90;One socket;No battery;1
22;5;5000;10;60;One socket;7000;10;90;One socket;No battery;1
22;6;7000;5;60;Full house;3000;15;60;Full house;No battery;0
22;7;1000;10;60;One socket;5000;15;30;Full house;No battery;0
22;8;5000;10;60;Full house;3000;10;30;Full house;No battery;0
23;1;1000;10;60;Full house;5000;5;90;Full house;No battery;1
23;2;3000;5;60;One socket;1000;15;90;Full house;No battery;0
23;3;7000;15;60;One socket;7000;10;30;Full house;No battery;2
23;4;1000;5;30;One socket;3000;10;90;One socket;No battery;0
23;5;5000;10;60;One socket;7000;10;90;One socket;No battery;2
23;6;7000;5;60;Full house;3000;15;60;Full house;No battery;0
23;7;1000;10;60;One socket;5000;15;30;Full house;No battery;2
23;8;5000;10;60;Full house;3000;10;30;Full house;No battery;2
24;1;1000;10;60;Full house;5000;5;90;Full house;No battery;1
24;2;3000;5;60;One socket;1000;15;90;Full house;No battery;1
24;3;7000;15;60;One socket;7000;10;30;Full house;No battery;1
24;4;1000;5;30;One socket;3000;10;90;One socket;No battery;1
24;5;5000;10;60;One socket;7000;10;90;One socket;No battery;1
24;6;7000;5;60;Full house;3000;15;60;Full house;No battery;0
24;7;1000;10;60;One socket;5000;15;30;Full house;No battery;1
24;8;5000;10;60;Full house;3000;10;30;Full house;No battery;0
25;1;1000;10;60;Full house;5000;5;90;Full house;No battery;1
25;2;3000;5;60;One socket;1000;15;90;Full house;No battery;0
25;3;7000;15;60;One socket;7000;10;30;Full house;No battery;1
25;4;1000;5;30;One socket;3000;10;90;One socket;No battery;1
25;5;5000;10;60;One socket;7000;10;90;One socket;No battery;1
25;6;7000;5;60;Full house;3000;15;60;Full house;No battery;0
25;7;1000;10;60;One socket;5000;15;30;Full house;No battery;0
25;8;5000;10;60;Full house;3000;10;30;Full house;No battery;2
26;1;1000;10;60;Full house;5000;5;90;Full house;No battery;1
26;2;3000;5;60;One socket;1000;15;90;Full house;No battery;1
26;3;7000;15;60;One socket;7000;10;30;Full house;No battery;1
26;4;1000;5;30;One socket;3000;10;90;One socket;No battery;2
26;5;5000;10;60;One socket;7000;10;90;One socket;No battery;2
26;6;7000;5;60;Full house;3000;15;60;Full house;No battery;0
26;7;1000;10;60;One socket;5000;15;30;Full house;No battery;2
26;8;5000;10;60;Full house;3000;10;30;Full house;No battery;0
27;1;1000;10;60;Full house;5000;5;90;Full house;No battery;0
27;2;3000;5;60;One socket;1000;15;90;Full house;No battery;1
27;3;7000;15;60;One socket;7000;10;30;Full house;No battery;0
27;4;1000;5;30;One socket;3000;10;90;One socket;No battery;1
27;5;5000;10;60;One socket;7000;10;90;One socket;No battery;1
27;6;7000;5;60;Full house;3000;15;60;Full house;No battery;0
27;7;1000;10;60;One socket;5000;15;30;Full house;No battery;0
27;8;5000;10;60;Full house;3000;10;30;Full house;No battery;0
28;1;1000;10;60;Full house;5000;5;90;Full house;No battery;1
28;2;3000;5;60;One socket;1000;15;90;Full house;No battery;0
28;3;7000;15;60;One socket;7000;10;30;Full house;No battery;2
28;4;1000;5;30;One socket;3000;10;90;One socket;No battery;0
28;5;5000;10;60;One socket;7000;10;90;One socket;No battery;1
28;6;7000;5;60;Full house;3000;15;60;Full house;No battery;0
28;7;1000;10;60;One socket;5000;15;30;Full house;No battery;0
28;8;5000;10;60;Full house;3000;10;30;Full house;No battery;0
29;1;1000;10;60;Full house;5000;5;90;Full house;No battery;1
29;2;3000;5;60;One socket;1000;15;90;Full house;No battery;2
29;3;7000;15;60;One socket;7000;10;30;Full house;No battery;2
29;4;1000;5;30;One socket;3000;10;90;One socket;No battery;2
29;5;5000;10;60;One socket;7000;10;90;One socket;No battery;2
29;6;7000;5;60;Full house;3000;15;60;Full house;No battery;0
29;7;1000;10;60;One socket;5000;15;30;Full house;No battery;2
29;8;5000;10;60;Full house;3000;10;30;Full house;No battery;0
30;1;1000;10;60;Full house;5000;5;90;Full house;No battery;1
30;2;3000;5;60;One socket;1000;15;90;Full house;No battery;1
30;3;7000;15;60;One socket;7000;10;30;Full house;No battery;2
30;4;1000;5;30;One socket;3000;10;90;One socket;No battery;1
30;5;5000;10;60;One socket;7000;10;90;One socket;No battery;2
30;6;7000;5;60;Full house;3000;15;60;Full house;No battery;2
30;7;1000;10;60;One socket;5000;15;30;Full house;No battery;2
30;8;5000;10;60;Full house;3000;10;30;Full house;No battery;2
31;1;1000;10;60;Full house;5000;5;90;Full house;No battery;1
31;2;3000;5;60;One socket;1000;15;90;Full house;No battery;1
31;3;7000;15;60;One socket;7000;10;30;Full house;No battery;0
31;4;1000;5;30;One socket;3000;10;90;One socket;No battery;1
31;5;5000;10;60;One socket;7000;10;90;One socket;No battery;1
31;6;7000;5;60;Full house;3000;15;60;Full house;No battery;0
31;7;1000;10;60;One socket;5000;15;30;Full house;No battery;0
31;8;5000;10;60;Full house;3000;10;30;Full house;No battery;0
32;1;1000;10;60;Full house;5000;5;90;Full house;No battery;1
32;2;3000;5;60;One socket;1000;15;90;Full house;No battery;1
32;3;7000;15;60;One socket;7000;10;30;Full house;No battery;0
32;4;1000;5;30;One socket;3000;10;90;One socket;No battery;1
32;5;5000;10;60;One socket;7000;10;90;One socket;No battery;1
32;6;7000;5;60;Full house;3000;15;60;Full house;No battery;1
32;7;1000;10;60;One socket;5000;15;30;Full house;No battery;0
32;8;5000;10;60;Full house;3000;10;30;Full house;No battery;0
33;1;1000;10;60;Full house;5000;5;90;Full house;No battery;1
33;2;3000;5;60;One socket;1000;15;90;Full house;No battery;1
33;3;7000;15;60;One socket;7000;10;30;Full house;No battery;2
33;4;1000;5;30;One socket;3000;10;90;One socket;No battery;2
33;5;5000;10;60;One socket;7000;10;90;One socket;No battery;2
33;6;7000;5;60;Full house;3000;15;60;Full house;No battery;2
33;7;1000;10;60;One socket;5000;15;30;Full house;No battery;0
33;8;5000;10;60;Full house;3000;10;30;Full house;No battery;2
34;1;1000;10;60;Full house;5000;5;90;Full house;No battery;1
34;2;3000;5;60;One socket;1000;15;90;Full house;No battery;1
34;3;7000;15;60;One socket;7000;10;30;Full house;No battery;1
34;4;1000;5;30;One socket;3000;10;90;One socket;No battery;2
34;5;5000;10;60;One socket;7000;10;90;One socket;No battery;2
34;6;7000;5;60;Full house;3000;15;60;Full house;No battery;0
34;7;1000;10;60;One socket;5000;15;30;Full house;No battery;1
34;8;5000;10;60;Full house;3000;10;30;Full house;No battery;0
35;1;1000;10;60;Full house;5000;5;90;Full house;No battery;1
35;2;3000;5;60;One socket;1000;15;90;Full house;No battery;1
35;3;7000;15;60;One socket;7000;10;30;Full house;No battery;0
35;4;1000;5;30;One socket;3000;10;90;One socket;No battery;1
35;5;5000;10;60;One socket;7000;10;90;One socket;No battery;1
35;6;7000;5;60;Full house;3000;15;60;Full house;No battery;0
35;7;1000;10;60;One socket;5000;15;30;Full house;No battery;0
35;8;5000;10;60;Full house;3000;10;30;Full house;No battery;2
36;1;1000;10;60;Full house;5000;5;90;Full house;No battery;2
36;2;3000;5;60;One socket;1000;15;90;Full house;No battery;2
36;3;7000;15;60;One socket;7000;10;30;Full house;No battery;2
36;4;1000;5;30;One socket;3000;10;90;One socket;No battery;1
36;5;5000;10;60;One socket;7000;10;90;One socket;No battery;2
36;6;7000;5;60;Full house;3000;15;60;Full house;No battery;2
36;7;1000;10;60;One socket;5000;15;30;Full house;No battery;2
36;8;5000;10;60;Full house;3000;10;30;Full house;No battery;2
37;1;1000;10;60;Full house;5000;5;90;Full house;No battery;1
37;2;3000;5;60;One socket;1000;15;90;Full house;No battery;0
37;3;7000;15;60;One socket;7000;10;30;Full house;No battery;1
37;4;1000;5;30;One socket;3000;10;90;One socket;No battery;0
37;5;5000;10;60;One socket;7000;10;90;One socket;No battery;1
37;6;7000;5;60;Full house;3000;15;60;Full house;No battery;1
37;7;1000;10;60;One socket;5000;15;30;Full house;No battery;0
37;8;5000;10;60;Full house;3000;10;30;Full house;No battery;0
38;1;1000;10;60;Full house;5000;5;90;Full house;No battery;1
38;2;3000;5;60;One socket;1000;15;90;Full house;No battery;2
38;3;7000;15;60;One socket;7000;10;30;Full house;No battery;2
38;4;1000;5;30;One socket;3000;10;90;One socket;No battery;1
38;5;5000;10;60;One socket;7000;10;90;One socket;No battery;1
38;6;7000;5;60;Full house;3000;15;60;Full house;No battery;0
38;7;1000;10;60;One socket;5000;15;30;Full house;No battery;0
38;8;5000;10;60;Full house;3000;10;30;Full house;No battery;0
39;1;1000;10;60;Full house;5000;5;90;Full house;No battery;1
39;2;3000;5;60;One socket;1000;15;90;Full house;No battery;0
39;3;7000;15;60;One socket;7000;10;30;Full house;No battery;1
39;4;1000;5;30;One socket;3000;10;90;One socket;No battery;1
39;5;5000;10;60;One socket;7000;10;90;One socket;No battery;1
39;6;7000;5;60;Full house;3000;15;60;Full house;No battery;0
39;7;1000;10;60;One socket;5000;15;30;Full house;No battery;0
39;8;5000;10;60;Full house;3000;10;30;Full house;No battery;0
40;1;1000;10;60;Full house;5000;5;90;Full house;No battery;0
40;2;3000;5;60;One socket;1000;15;90;Full house;No battery;1
40;3;7000;15;60;One socket;7000;10;30;Full house;No battery;2
40;4;1000;5;30;One socket;3000;10;90;One socket;No battery;1
40;5;5000;10;60;One socket;7000;10;90;One socket;No battery;1
40;6;7000;5;60;Full house;3000;15;60;Full house;No battery;1
40;7;1000;10;60;One socket;5000;15;30;Full house;No battery;0
40;8;5000;10;60;Full house;3000;10;30;Full house;No battery;0
41;1;1000;10;60;Full house;5000;5;90;Full house;No battery;0
41;2;3000;5;60;One socket;1000;15;90;Full house;No battery;1
41;3;7000;15;60;One socket;7000;10;30;Full house;No battery;1
41;4;1000;5;30;One socket;3000;10;90;One socket;No battery;0
41;5;5000;10;60;One socket;7000;10;90;One socket;No battery;0
41;6;7000;5;60;Full house;3000;15;60;Full house;No battery;2
41;7;1000;10;60;One socket;5000;15;30;Full house;No battery;0
41;8;5000;10;60;Full house;3000;10;30;Full house;No battery;2
42;1;1000;10;60;Full house;5000;5;90;Full house;No battery;1
42;2;3000;5;60;One socket;1000;15;90;Full house;No battery;1
42;3;7000;15;60;One socket;7000;10;30;Full house;No battery;2
42;4;1000;5;30;One socket;3000;10;90;One socket;No battery;2
42;5;5000;10;60;One socket;7000;10;90;One socket;No battery;2
42;6;7000;5;60;Full house;3000;15;60;Full house;No battery;0
42;7;1000;10;60;One socket;5000;15;30;Full house;No battery;2
42;8;5000;10;60;Full house;3000;10;30;Full house;No battery;0
43;1;1000;10;60;Full house;5000;5;90;Full house;No battery;1
43;2;3000;5;60;One socket;1000;15;90;Full house;No battery;1
43;3;7000;15;60;One socket;7000;10;30;Full house;No battery;2
43;4;1000;5;30;One socket;3000;10;90;One socket;No battery;1
43;5;5000;10;60;One socket;7000;10;90;One socket;No battery;2
43;6;7000;5;60;Full house;3000;15;60;Full house;No battery;2
43;7;1000;10;60;One socket;5000;15;30;Full house;No battery;0
43;8;5000;10;60;Full house;3000;10;30;Full house;No battery;0
44;1;1000;10;60;Full house;5000;5;90;Full house;No battery;1
44;2;3000;5;60;One socket;1000;15;90;Full house;No battery;1
44;3;7000;15;60;One socket;7000;10;30;Full house;No battery;2
44;4;1000;5;30;One socket;3000;10;90;One socket;No battery;1
44;5;5000;10;60;One socket;7000;10;90;One socket;No battery;1
44;6;7000;5;60;Full house;3000;15;60;Full house;No battery;0
44;7;1000;10;60;One socket;5000;15;30;Full house;No battery;0
44;8;5000;10;60;Full house;3000;10;30;Full house;No battery;0
45;1;1000;10;60;Full house;5000;5;90;Full house;No battery;1
45;2;3000;5;60;One socket;1000;15;90;Full house;No battery;1
45;3;7000;15;60;One socket;7000;10;30;Full house;No battery;1
45;4;1000;5;30;One socket;3000;10;90;One socket;No battery;2
45;5;5000;10;60;One socket;7000;10;90;One socket;No battery;2
45;6;7000;5;60;Full house;3000;15;60;Full house;No battery;1
45;7;1000;10;60;One socket;5000;15;30;Full house;No battery;2
45;8;5000;10;60;Full house;3000;10;30;Full house;No battery;0
46;1;1000;10;60;Full house;5000;5;90;Full house;No battery;1
46;2;3000;5;60;One socket;1000;15;90;Full house;No battery;1
46;3;7000;15;60;One socket;7000;10;30;Full house;No battery;2
46;4;1000;5;30;One socket;3000;10;90;One socket;No battery;1
46;5;5000;10;60;One socket;7000;10;90;One socket;No battery;2
46;6;7000;5;60;Full house;3000;15;60;Full house;No battery;0
46;7;1000;10;60;One socket;5000;15;30;Full house;No battery;2
46;8;5000;10;60;Full house;3000;10;30;Full house;No battery;0
47;1;1000;10;60;Full house;5000;5;90;Full house;No battery;1
47;2;3000;5;60;One socket;1000;15;90;Full house;No battery;1
47;3;7000;15;60;One socket;7000;10;30;Full house;No battery;1
47;4;1000;5;30;One socket;3000;10;90;One socket;No battery;1
47;5;5000;10;60;One socket;7000;10;90;One socket;No battery;1
47;6;7000;5;60;Full house;3000;15;60;Full house;No battery;1
47;7;1000;10;60;One socket;5000;15;30;Full house;No battery;0
47;8;5000;10;60;Full house;3000;10;30;Full house;No battery;0
48;1;1000;10;60;Full house;5000;5;90;Full house;No battery;1
48;2;3000;5;60;One socket;1000;15;90;Full house;No battery;2
48;3;7000;15;60;One socket;7000;10;30;Full house;No battery;2
48;4;1000;5;30;One socket;3000;10;90;One socket;No battery;0
48;5;5000;10;60;One socket;7000;10;90;One socket;No battery;2
48;6;7000;5;60;Full house;3000;15;60;Full house;No battery;2
48;7;1000;10;60;One socket;5000;15;30;Full house;No battery;2
48;8;5000;10;60;Full house;3000;10;30;Full house;No battery;1
49;1;1000;10;60;Full house;5000;5;90;Full house;No battery;1
49;2;3000;5;60;One socket;1000;15;90;Full house;No battery;0
49;3;7000;15;60;One socket;7000;10;30;Full house;No battery;2
49;4;1000;5;30;One socket;3000;10;90;One socket;No battery;0
49;5;5000;10;60;One socket;7000;10;90;One socket;No battery;1
49;6;7000;5;60;Full house;3000;15;60;Full house;No battery;0
49;7;1000;10;60;One socket;5000;15;30;Full house;No battery;0
49;8;5000;10;60;Full house;3000;10;30;Full house;No battery;0
50;1;1000;10;60;Full house;5000;5;90;Full house;No battery;1
50;2;3000;5;60;One socket;1000;15;90;Full house;No battery;0
50;3;7000;15;60;One socket;7000;10;30;Full house;No battery;2
50;4;1000;5;30;One socket;3000;10;90;One socket;No battery;1
50;5;5000;10;60;One socket;7000;10;90;One socket;No battery;1
50;6;7000;5;60;Full house;3000;15;60;Full house;No battery;0
50;7;1000;10;60;One socket;5000;15;30;Full house;No battery;2
50;8;5000;10;60;Full house;3000;10;30;Full house;No battery;0
51;1;1000;10;60;Full house;5000;5;90;Full house;No battery;1
51;2;3000;5;60;One socket;1000;15;90;Full house;No battery;1
51;3;7000;15;60;One socket;7000;10;30;Full house;No battery;0
51;4;1000;5;30;One socket;3000;10;90;One socket;No battery;1
51;5;5000;10;60;One socket;7000;10;90;One socket;No battery;1
51;6;7000;5;60;Full house;3000;15;60;Full house;No battery;0
51;7;1000;10;60;One socket;5000;15;30;Full house;No battery;0
51;8;5000;10;60;Full house;3000;10;30;Full house;No battery;0
52;1;1000;10;60;Full house;5000;5;90;Full house;No battery;1
52;2;3000;5;60;One socket;1000;15;90;Full house;No battery;1
52;3;7000;15;60;One socket;7000;10;30;Full house;No battery;0
52;4;1000;5;30;One socket;3000;10;90;One socket;No battery;1
52;5;5000;10;60;One socket;7000;10;90;One socket;No battery;1
52;6;7000;5;60;Full house;3000;15;60;Full house;No battery;0
52;7;1000;10;60;One socket;5000;15;30;Full house;No battery;0
52;8;5000;10;60;Full house;3000;10;30;Full house;No battery;0
53;1;1000;10;60;Full house;5000;5;90;Full house;No battery;0
53;2;3000;5;60;One socket;1000;15;90;Full house;No battery;0
53;3;7000;15;60;One socket;7000;10;30;Full house;No battery;0
53;4;1000;5;30;One socket;3000;10;90;One socket;No battery;1
53;5;5000;10;60;One socket;7000;10;90;One socket;No battery;1
53;6;7000;5;60;Full house;3000;15;60;Full house;No battery;0
53;7;1000;10;60;One socket;5000;15;30;Full house;No battery;0
53;8;5000;10;60;Full house;3000;10;30;Full house;No battery;0
54;1;1000;10;60;Full house;5000;5;90;Full house;No battery;1
54;2;3000;5;60;One socket;1000;15;90;Full house;No battery;0
54;3;7000;15;60;One socket;7000;10;30;Full house;No battery;1
54;4;1000;5;30;One socket;3000;10;90;One socket;No battery;1
54;5;5000;10;60;One socket;7000;10;90;One socket;No battery;0
54;6;7000;5;60;Full house;3000;15;60;Full house;No battery;0
54;7;1000;10;60;One socket;5000;15;30;Full house;No battery;0
54;8;5000;10;60;Full house;3000;10;30;Full house;No battery;1
55;1;1000;10;60;Full house;5000;5;90;Full house;No battery;1
55;2;3000;5;60;One socket;1000;15;90;Full house;No battery;0
55;3;7000;15;60;One socket;7000;10;30;Full house;No battery;1
55;4;1000;5;30;One socket;3000;10;90;One socket;No battery;0
55;5;5000;10;60;One socket;7000;10;90;One socket;No battery;2
55;6;7000;5;60;Full house;3000;15;60;Full house;No battery;2
55;7;1000;10;60;One socket;5000;15;30;Full house;No battery;2
55;8;5000;10;60;Full house;3000;10;30;Full house;No battery;2
56;1;1000;10;60;Full house;5000;5;90;Full house;No battery;1
56;2;3000;5;60;One socket;1000;15;90;Full house;No battery;2
56;3;7000;15;60;One socket;7000;10;30;Full house;No battery;2
56;4;1000;5;30;One socket;3000;10;90;One socket;No battery;2
56;5;5000;10;60;One socket;7000;10;90;One socket;No battery;2
56;6;7000;5;60;Full house;3000;15;60;Full house;No battery;0
56;7;1000;10;60;One socket;5000;15;30;Full house;No battery;2
56;8;5000;10;60;Full house;3000;10;30;Full house;No battery;0
57;1;1000;10;60;Full house;5000;5;90;Full house;No battery;2
57;2;3000;5;60;One socket;1000;15;90;Full house;No battery;2
57;3;7000;15;60;One socket;7000;10;30;Full house;No battery;2
57;4;1000;5;30;One socket;3000;10;90;One socket;No battery;2
57;5;5000;10;60;One socket;7000;10;90;One socket;No battery;2
57;6;7000;5;60;Full house;3000;15;60;Full house;No battery;2
57;7;1000;10;60;One socket;5000;15;30;Full house;No battery;2
57;8;5000;10;60;Full house;3000;10;30;Full house;No battery;2
58;1;1000;10;60;Full house;5000;5;90;Full house;No battery;1
58;2;3000;5;60;One socket;1000;15;90;Full house;No battery;2
58;3;7000;15;60;One socket;7000;10;30;Full house;No battery;1
58;4;1000;5;30;One socket;3000;10;90;One socket;No battery;0
58;5;5000;10;60;One socket;7000;10;90;One socket;No battery;0
58;6;7000;5;60;Full house;3000;15;60;Full house;No battery;0
58;7;1000;10;60;One socket;5000;15;30;Full house;No battery;0
58;8;5000;10;60;Full house;3000;10;30;Full house;No battery;0
59;1;1000;10;60;Full house;5000;5;90;Full house;No battery;1
59;2;3000;5;60;One socket;1000;15;90;Full house;No battery;0
59;3;7000;15;60;One socket;7000;10;30;Full house;No battery;2
59;4;1000;5;30;One socket;3000;10;90;One socket;No battery;0
59;5;5000;10;60;One socket;7000;10;90;One socket;No battery;2
59;6;7000;5;60;Full house;3000;15;60;Full house;No battery;1
59;7;1000;10;60;One socket;5000;15;30;Full house;No battery;0
59;8;5000;10;60;Full house;3000;10;30;Full house;No battery;1
60;1;1000;10;60;Full house;5000;5;90;Full house;No battery;1
60;2;3000;5;60;One socket;1000;15;90;Full house;No battery;1
60;3;7000;15;60;One socket;7000;10;30;Full house;No battery;1
60;4;1000;5;30;One socket;3000;10;90;One socket;No battery;1
60;5;5000;10;60;One socket;7000;10;90;One socket;No battery;1
60;6;7000;5;60;Full house;3000;15;60;Full house;No battery;1
60;7;1000;10;60;One socket;5000;15;30;Full house;No battery;1
60;8;5000;10;60;Full house;3000;10;30;Full house;No battery;1
61;1;1000;10;60;Full house;5000;5;90;Full house;No battery;1
61;2;3000;5;60;One socket;1000;15;90;Full house;No battery;2
61;3;7000;15;60;One socket;7000;10;30;Full house;No battery;2
61;4;1000;5;30;One socket;3000;10;90;One socket;No battery;2
61;5;5000;10;60;One socket;7000;10;90;One socket;No battery;2
61;6;7000;5;60;Full house;3000;15;60;Full house;No battery;0
61;7;1000;10;60;One socket;5000;15;30;Full house;No battery;1
61;8;5000;10;60;Full house;3000;10;30;Full house;No battery;0
62;1;1000;10;60;Full house;5000;5;90;Full house;No battery;2
62;2;3000;5;60;One socket;1000;15;90;Full house;No battery;2
62;3;7000;15;60;One socket;7000;10;30;Full house;No battery;2
62;4;1000;5;30;One socket;3000;10;90;One socket;No battery;2
62;5;5000;10;60;One socket;7000;10;90;One socket;No battery;2
62;6;7000;5;60;Full house;3000;15;60;Full house;No battery;2
62;7;1000;10;60;One socket;5000;15;30;Full house;No battery;2
62;8;5000;10;60;Full house;3000;10;30;Full house;No battery;2
63;1;1000;10;60;Full house;5000;5;90;Full house;No battery;0
63;2;3000;5;60;One socket;1000;15;90;Full house;No battery;1
63;3;7000;15;60;One socket;7000;10;30;Full house;No battery;0
63;4;1000;5;30;One socket;3000;10;90;One socket;No battery;1
63;5;5000;10;60;One socket;7000;10;90;One socket;No battery;0
63;6;7000;5;60;Full house;3000;15;60;Full house;No battery;1
63;7;1000;10;60;One socket;5000;15;30;Full house;No battery;0
63;8;5000;10;60;Full house;3000;10;30;Full house;No battery;0
64;1;1000;10;60;Full house;5000;5;90;Full house;No battery;1
64;2;3000;5;60;One socket;1000;15;90;Full house;No battery;1
64;3;7000;15;60;One socket;7000;10;30;Full house;No battery;0
64;4;1000;5;30;One socket;3000;10;90;One socket;No battery;1
64;5;5000;10;60;One socket;7000;10;90;One socket;No battery;0
64;6;7000;5;60;Full house;3000;15;60;Full house;No battery;1
64;7;1000;10;60;One socket;5000;15;30;Full house;No battery;0
64;8;5000;10;60;Full house;3000;10;30;Full house;No battery;1
